preset,gene,category,note
T,CD8A,Lineage,
T,CD8B,Lineage,
T,CCR7,Homing,
T,SELL,Homing,
T,LEF1,Transcription factor,
T,TCF7,Transcription factor,
T,IL7R,Memory/survival,
T,CD27,Co-stimulation,
T,CD28,Co-stimulation,
T,KLF2,Migration/quiescence,
T,BACH2,Memory/quiescence,
ESC,POU5F1,Core pluripotency factor,also known as OCT4
ESC,SOX2,Core pluripotency factor,
ESC,NANOG,Core pluripotency factor,
ESC,KLF4,Pluripotency-associated TF,
ESC,KLF2,Pluripotency-associated TF,
ESC,ESRRB,Pluripotency-associated TF,
ESC,TFCP2L1,Pluripotency-associated TF,
ESC,PRDM14,Naive pluripotency,
ESC,GBX2,Naive pluripotency,
ESC,TBX3,Naive pluripotency,
ESC,STAT3,Self-renewal signaling,
ESC,LIFR,Self-renewal signaling,
ESC,DPPA2,Chromatin/epigenetic regulator,
ESC,DPPA4,Chromatin/epigenetic regulator,
ESC,DPPA5A,Chromatin/epigenetic regulator,human DPPA5 family marker
ESC,UTF1,Chromatin/epigenetic regulator,
fibroblast,COL1A1,Extracellular matrix,
fibroblast,COL1A2,Extracellular matrix,
fibroblast,DCN,Extracellular matrix,
fibroblast,VIM,Mesenchymal marker,
fibroblast,FAP,Activated fibroblast marker,
